<?xml version="1.0" encoding="UTF-8"?>
<!DOCTYPE mapper PUBLIC "-//mybatis.org//DTD Mapper 3.0//EN" "http://mybatis.org/dtd/mybatis-3-mapper.dtd">
<mapper namespace="com.weizujie.attendance.mapper.ClazzMapper">

    <resultMap type="com.weizujie.attendance.entity.Clazz" id="ClazzInfo">
        <result column="id" property="id"/>
        <result column="name" property="name"/>
        <result column="info" property="info"/>
    </resultMap>

    <select id="queryList" resultMap="ClazzInfo">
        SELECT *
        from s_clazz
        <where>
            <if test="name!=null">and name LIKE concat("%",#{name},"%")</if>
        </where>
        limit #{startIndex},#{pagesize}
    </select>

    <select id="queryCount" resultType="int">
        select count(*) from s_clazz
        <where>
            <if test="name!=null">and name LIKE concat("%",#{name},"%")</if>
        </where>
    </select>

</mapper>