<?xml version="1.0" encoding="UTF-8"?>
<!DOCTYPE mapper PUBLIC "-//mybatis.org//DTD Mapper 3.0//EN" "http://mybatis.org/dtd/mybatis-3-mapper.dtd">
<mapper namespace="com.weizujie.attendance.mapper.CourseMapper">

    <resultMap type="com.weizujie.attendance.entity.Course" id="CourseInfo">
        <result column="id" property="id"/>
        <result column="name" property="name"/>
        <result column="teacher_id" property="teacherId"/>
        <result column="course_date" property="courseDate"/>
        <result column="selected_num" property="selectedNum"/>
        <result column="max_num" property="maxNum"/>
        <result column="info" property="info"/>
    </resultMap>

    <select id="queryList" resultMap="CourseInfo">
        SELECT *
        from s_course
        <where>
            <if test="name!=null">and name LIKE concat("%",#{name},"%")</if>
            <if test="teacherId!=null">and teacher_id LIKE concat("%",#{teacherId},"%")</if>
        </where>
        limit #{startIndex},#{pagesize}
    </select>

    <select id="queryCount" resultType="int">
        select count(*) from s_course
        <where>
            <if test="name!=null">and name LIKE concat("%",#{name},"%")</if>
            <if test="teacherId!=null">and teacher_id LIKE concat("%",#{teacherId},"%")</if>
        </where>
    </select>

    <update id="addStudentNum" parameterType="int">
         update s_course
         set selected_num = (case
            when selected_num = max_num then 50
            when selected_num &lt; max_num then selected_num + 1
            end
         )
         where id = #{courseId}
    </update>

    <update id="deleteStudentNum" parameterType="int">
         update s_course
         set selected_num = selected_num - 1
         where id = #{courseId}
    </update>

    <select id="getCourseById" parameterType="java.util.List" resultType="com.weizujie.attendance.entity.Course">
        select *
        from s_course
        <where>
            id in
            <foreach collection="list" open="(" close=")" separator="," item="id">
                #{id}
            </foreach>
        </where>
    </select>

</mapper>