<?xml version="1.0" encoding="UTF-8" ?>
<!DOCTYPE mapper
        PUBLIC "-//mybatis.org//DTD Mapper 3.0//EN"
        "http://mybatis.org/dtd/mybatis-3-mapper.dtd">
<mapper namespace="mapper.Usermapper">
    <insert id="add">
        INSERT INTO tb_user VALUES(null,#{username},#{password});
    </insert>

    <!--    查询用户对象-->
    <select id="select" resultType="pojo.User">
        select * from tb_user where username=#{username} and password=#{password};
    </select>
    <select id="selectByname" resultType="pojo.User">
        select * from tb_user where username=#{username} ;
    </select>
    <select id="selectAll" resultType="pojo.User">
        select * from tb_user;
    </select>
</mapper>